"Algorithm","Hash","Path"
"SHA256","6995A4E9BB48BC1C3088D0AEE5F524BA8E3108ED595126830C7E93FF34826494","C:\Users\ruben\Downloads\PROYECTO WEB\mi-proyecto\dist\mi-proyecto\browser\chunk-9Lv5y7tG.js"
"SHA256","69BDDC9EFD0A8B55D9CDDAE575A6AC5C75F09DC7B8F88EE14DC25F83A3C01C63","C:\Users\ruben\Downloads\PROYECTO WEB\mi-proyecto\dist\mi-proyecto\browser\chunk-B1xN-CA_.js"
"SHA256","0051A5667C0D8ADC3732DE8502B6FBA7C12F3D9157C277422AD5EEE10CC1B96C","C:\Users\ruben\Downloads\PROYECTO WEB\mi-proyecto\dist\mi-proyecto\browser\chunk-BEMDGMlR.js"
"SHA256","552043E2FD942844549350F45B1B4948EB19D1BBFAC272DCEA40E3D3B501D2CD","C:\Users\ruben\Downloads\PROYECTO WEB\mi-proyecto\dist\mi-proyecto\browser\chunk-Bemh3r86.js"
"SHA256","C66EBF65033E17F35A8F339EF6E0909E979C2995A47E6936DE2F0690FAD7701C","C:\Users\ruben\Downloads\PROYECTO WEB\mi-proyecto\dist\mi-proyecto\browser\chunk-BJ5y-DSs.js"
"SHA256","2413F45F1AE64C560D05A8552383BFE5AF81ADF29D532D6A60F2DA68EE06FAA4","C:\Users\ruben\Downloads\PROYECTO WEB\mi-proyecto\dist\mi-proyecto\browser\chunk-Btl74d2T.js"
"SHA256","233DC6112BA323A61D535EFB47301480D6C29CCFCED0D7E3DC474741AB38CC5D","C:\Users\ruben\Downloads\PROYECTO WEB\mi-proyecto\dist\mi-proyecto\browser\chunk-C-ONCMcZ.js"
"SHA256","8BCD1A44764FB61C013C3FC2C286283FA720AC165910915BD605DA9837429D6B","C:\Users\ruben\Downloads\PROYECTO WEB\mi-proyecto\dist\mi-proyecto\browser\chunk-C5rLDTCx.js"
"SHA256","1BDFF9EEC33E39DDF2B9D784F61FEE29C225AA7378AD30ED57578974C630E608","C:\Users\ruben\Downloads\PROYECTO WEB\mi-proyecto\dist\mi-proyecto\browser\chunk-C7J35C5R.js"
"SHA256","6983C52C8BB74F58CC796FCBC0945587CCC8038DA6E180CC80AE80960C757F1D","C:\Users\ruben\Downloads\PROYECTO WEB\mi-proyecto\dist\mi-proyecto\browser\chunk-CfLPr9Oy.js"
"SHA256","9C21DA2FDA7F6CB33BBDAF453CE7A0857CE51D8E4F99A86F2942A405757722E2","C:\Users\ruben\Downloads\PROYECTO WEB\mi-proyecto\dist\mi-proyecto\browser\chunk-Ct7sRwoU.js"
"SHA256","0188D29667EA4FDB2FDE6AB88CBD23CC1FA6CF0F85B425B0A4949D06382F68CE","C:\Users\ruben\Downloads\PROYECTO WEB\mi-proyecto\dist\mi-proyecto\browser\chunk-CUBZMvOc.js"
"SHA256","D25222C0D9A07F2570D4ED5A6766324CBE0AFFC42AE185BF19720348A11F0AF8","C:\Users\ruben\Downloads\PROYECTO WEB\mi-proyecto\dist\mi-proyecto\browser\chunk-D2nP2mSY.js"
"SHA256","D1977C86FA10C108D2B24DBA581D6409B02D3DA1A25046AD9E4F7016DE4FFED8","C:\Users\ruben\Downloads\PROYECTO WEB\mi-proyecto\dist\mi-proyecto\browser\chunk-Dbytaj4K.js"
"SHA256","A8F857D4CAC49F4151B169059E1D9B3B53F059F53269D8A5723238CAAE72A94B","C:\Users\ruben\Downloads\PROYECTO WEB\mi-proyecto\dist\mi-proyecto\browser\chunk-DHJ6LBmA.js"
"SHA256","C9CB29E221E50AB1E155990BFB5B6C4BA7C63C7E0B474503B58F00E4D10307B2","C:\Users\ruben\Downloads\PROYECTO WEB\mi-proyecto\dist\mi-proyecto\browser\chunk-DQhx1hLS.js"
"SHA256","E4FE3D59D1F4066EE9A978168B845899B73DB3AF39A388CBEFD154BE8FECFE28","C:\Users\ruben\Downloads\PROYECTO WEB\mi-proyecto\dist\mi-proyecto\browser\chunk-DQmzIjRr.js"
"SHA256","0EAA0699FB6D7B3F7BF92F1C91473A7CF1C900082FA78EC73F563645D728594B","C:\Users\ruben\Downloads\PROYECTO WEB\mi-proyecto\dist\mi-proyecto\browser\chunk-HyUsqFvH.js"
"SHA256","3EBD9EE3B8FF084CF7234DDF87ECD430FF65B404F6F8B96D1B7D3FC661B5AAC7","C:\Users\ruben\Downloads\PROYECTO WEB\mi-proyecto\dist\mi-proyecto\browser\chunk-JXllvGyf.js"
"SHA256","6A8743C8010CCB5E06D1BE1F066E4AC864F32A905085A3F71D9CE593FA3BF583","C:\Users\ruben\Downloads\PROYECTO WEB\mi-proyecto\dist\mi-proyecto\browser\chunk-SnDjvoMj.js"
"SHA256","79B38D8099265E931A82F0EC0880766BA751436F50BBD7130DC53938D7A43D36","C:\Users\ruben\Downloads\PROYECTO WEB\mi-proyecto\dist\mi-proyecto\browser\chunk-TP_mhQQI.js"
"SHA256","F9102BE80297C0529207607BE5277B4F90BCA89D65988FA1771B91C7894E815F","C:\Users\ruben\Downloads\PROYECTO WEB\mi-proyecto\dist\mi-proyecto\browser\favicon.ico"
"SHA256","1C65BCEBC6D00E59CAAAF71AEBC616D49359C3643E65C15D02D44138F1371E37","C:\Users\ruben\Downloads\PROYECTO WEB\mi-proyecto\dist\mi-proyecto\browser\index.html"
"SHA256","64E95DC43C325A99CB950203DD3A40FD9466EFB1BEBF474942A2E06D81939FF1","C:\Users\ruben\Downloads\PROYECTO WEB\mi-proyecto\dist\mi-proyecto\browser\main-Z26VDTYT.js"
"SHA256","61DFA7AA67E16C86F483646E216B1636A3EC2368BF33C8145C6AA91F7865F466","C:\Users\ruben\Downloads\PROYECTO WEB\mi-proyecto\dist\mi-proyecto\browser\styles-HZ3FG45O.css"
"SHA256","AFF9E72022E8B6A43FA7F2B3CE4D828136D2892D1FB48FDB616E9A57AD34DED0","C:\Users\ruben\Downloads\PROYECTO WEB\mi-proyecto\dist\mi-proyecto\browser\galeria\cielo-nublado.png"
"SHA256","35CF437BFD8E89286E1191E3BE7AE4FFC036FB2566F32E0E4DCCAAE98DB9B739","C:\Users\ruben\Downloads\PROYECTO WEB\mi-proyecto\dist\mi-proyecto\browser\galeria\cueva-brillante.png"
"SHA256","50A13F3119CA125D514510FDC06234E3A9C5DBDB2CC86D8F80DAC38127BB38D8","C:\Users\ruben\Downloads\PROYECTO WEB\mi-proyecto\dist\mi-proyecto\browser\galeria\montana-nieve.png"
"SHA256","3A268BF6CC377C8A582A0C399D7B41316CCB87F345973D9B2AC3D08CD2C9CD0D","C:\Users\ruben\Downloads\PROYECTO WEB\mi-proyecto\dist\mi-proyecto\browser\galeria\tormenta-electrica.png"
"SHA256","77BA71F17D8FF61588F6C310417A102BEB913B7116FCE1F5A007CBD9CD4B95CA","C:\Users\ruben\Downloads\PROYECTO WEB\mi-proyecto\dist\mi-proyecto\browser\galeria\volcan.png"
"SHA256","09EB8A3523486E65E118D34798905A7545EFF7B644C03FEABAB6F245CFB77A34","C:\Users\ruben\Downloads\PROYECTO WEB\mi-proyecto\dist\mi-proyecto\browser\media\primeicons-67GZ63CG.woff"
"SHA256","70E4AAA9FC892B8C5246B80A0D5EE5264E8B9F115E2B09C648F7D5A2590066B6","C:\Users\ruben\Downloads\PROYECTO WEB\mi-proyecto\dist\mi-proyecto\browser\media\primeicons-6VHJE6VZ.svg"
"SHA256","27B13521300873094DBD164F722FB4F69166E4CAE8A5738C36A9A961A1EC9431","C:\Users\ruben\Downloads\PROYECTO WEB\mi-proyecto\dist\mi-proyecto\browser\media\primeicons-MMNJ55EH.ttf"
"SHA256","5E83595E55393405F49EED07022B8A213905C37AB6F765D951893B4C274679C8","C:\Users\ruben\Downloads\PROYECTO WEB\mi-proyecto\dist\mi-proyecto\browser\media\primeicons-P3Q6XDZG.eot"
"SHA256","3019E1644D6A4BB730A8D76E4DB28B1EEA5373F046CEC2C77A2063F17BFCD034","C:\Users\ruben\Downloads\PROYECTO WEB\mi-proyecto\dist\mi-proyecto\browser\media\primeicons-Y4ZH4LAW.woff2"
